instance name, solver name, cutoff, objective value
2club200v15p5scn.mps, HiGHS, 10, N/A
2club200v15p5scn.mps, FiberSCIP, 10, -31.0
2club200v15p5scn.mps, Gurobi-comp, 10, -62.0
2club200v15p5scn.mps, Gurobi-heur, 10, -65.0
2club200v15p5scn.mps, ParaILP, 10, -70.0
a2864-99blp.mps, HiGHS, 10, N/A
a2864-99blp.mps, FiberSCIP, 10, N/A
a2864-99blp.mps, Gurobi-comp, 10, -72.0
a2864-99blp.mps, Gurobi-heur, 10, -72.0
a2864-99blp.mps, ParaILP, 10, -18.0
bab1.mps, HiGHS, 10, N/A
bab1.mps, FiberSCIP, 10, -216365.35175
bab1.mps, Gurobi-comp, 10, -218632.0
bab1.mps, Gurobi-heur, 10, -218418.0
bab1.mps, ParaILP, 10, -156510.1575
bley_xs1.mps, HiGHS, 10, N/A
bley_xs1.mps, FiberSCIP, 10, 8629800.35
bley_xs1.mps, Gurobi-comp, 10, 19125100.0
bley_xs1.mps, Gurobi-heur, 10, 19125100.0
bley_xs1.mps, ParaILP, 10, 4251238.6400000015
bley_xs1noM.mps, HiGHS, 10, N/A
bley_xs1noM.mps, FiberSCIP, 10, 8629800.35
bley_xs1noM.mps, Gurobi-comp, 10, 4600070.0
bley_xs1noM.mps, Gurobi-heur, 10, 4548700.0
bley_xs1noM.mps, ParaILP, 10, 4097466.010000001
cdc7-4-3-2.mps, HiGHS, 10, -156.0
cdc7-4-3-2.mps, FiberSCIP, 10, -233.0
cdc7-4-3-2.mps, Gurobi-comp, 10, -232.0
cdc7-4-3-2.mps, Gurobi-heur, 10, -232.0
cdc7-4-3-2.mps, ParaILP, 10, -277.0
circ10-3.mps, HiGHS, 10, N/A
circ10-3.mps, FiberSCIP, 10, N/A
circ10-3.mps, Gurobi-comp, 10, N/A
circ10-3.mps, Gurobi-heur, 10, N/A
circ10-3.mps, ParaILP, 10, 378.0
comp12-2idx.mps, HiGHS, 10, N/A
comp12-2idx.mps, FiberSCIP, 10, N/A
comp12-2idx.mps, Gurobi-comp, 10, 825.0
comp12-2idx.mps, Gurobi-heur, 10, 825.0
comp12-2idx.mps, ParaILP, 10, 356.0
comp21-2idx.mps, HiGHS, 10, N/A
comp21-2idx.mps, FiberSCIP, 10, 786.0
comp21-2idx.mps, Gurobi-comp, 10, 156.0
comp21-2idx.mps, Gurobi-heur, 10, 170.0
comp21-2idx.mps, ParaILP, 10, 100.0
d10200.mps, HiGHS, 10, 12455.0
d10200.mps, FiberSCIP, 10, 12457.0
d10200.mps, Gurobi-comp, 10, 12440.0
d10200.mps, Gurobi-heur, 10, 12439.0
d10200.mps, ParaILP, 10, 12655.0
d20200.mps, HiGHS, 10, 12449.0
d20200.mps, FiberSCIP, 10, 12424.0
d20200.mps, Gurobi-comp, 10, 12246.0
d20200.mps, Gurobi-heur, 10, 12283.0
d20200.mps, ParaILP, 10, 13111.0
ds-big.mps, HiGHS, 10, N/A
ds-big.mps, FiberSCIP, 10, N/A
ds-big.mps, Gurobi-comp, 10, 62520.0
ds-big.mps, Gurobi-heur, 10, 62520.0
ds-big.mps, ParaILP, 10, 3227.13516351
ds.mps, HiGHS, 10, 2417.9175
ds.mps, FiberSCIP, 10, 1266.705
ds.mps, Gurobi-comp, 10, 5418.56
ds.mps, Gurobi-heur, 10, 5418.56
ds.mps, ParaILP, 10, 892.895
ex1010-pi.mps, HiGHS, 10, 526.0
ex1010-pi.mps, FiberSCIP, 10, 282.0
ex1010-pi.mps, Gurobi-comp, 10, 274.0
ex1010-pi.mps, Gurobi-heur, 10, 274.0
ex1010-pi.mps, ParaILP, 10, 273.0
graph20-80-1rand.mps, HiGHS, 10, N/A
graph20-80-1rand.mps, FiberSCIP, 10, -1.0
graph20-80-1rand.mps, Gurobi-comp, 10, -4.0
graph20-80-1rand.mps, Gurobi-heur, 10, -4.0
graph20-80-1rand.mps, ParaILP, 10, -6.0
graph40-20-1rand.mps, HiGHS, 10, N/A
graph40-20-1rand.mps, FiberSCIP, 10, 0.0
graph40-20-1rand.mps, Gurobi-comp, 10, 0.0
graph40-20-1rand.mps, Gurobi-heur, 10, 0.0
graph40-20-1rand.mps, ParaILP, 10, -15.0
graph40-40-1rand.mps, HiGHS, 10, N/A
graph40-40-1rand.mps, FiberSCIP, 10, N/A
graph40-40-1rand.mps, Gurobi-comp, 10, 0.0
graph40-40-1rand.mps, Gurobi-heur, 10, 0.0
graph40-40-1rand.mps, ParaILP, 10, -7.0
graph40-80-1rand.mps, HiGHS, 10, N/A
graph40-80-1rand.mps, FiberSCIP, 10, N/A
graph40-80-1rand.mps, Gurobi-comp, 10, 0.0
graph40-80-1rand.mps, Gurobi-heur, 10, 0.0
graph40-80-1rand.mps, ParaILP, 10, 0.0
ivu06-big.mps, HiGHS, 10, N/A
ivu06-big.mps, FiberSCIP, 10, N/A
ivu06-big.mps, Gurobi-comp, 10, 9416.0
ivu06-big.mps, Gurobi-heur, 10, 9416.0
ivu06-big.mps, ParaILP, 10, N/A
ivu06.mps, HiGHS, 10, N/A
ivu06.mps, FiberSCIP, 10, N/A
ivu06.mps, Gurobi-comp, 10, 9416.0
ivu06.mps, Gurobi-heur, 10, 9416.0
ivu06.mps, ParaILP, 10, N/A
ivu59.mps, HiGHS, 10, N/A
ivu59.mps, FiberSCIP, 10, N/A
ivu59.mps, Gurobi-comp, 10, 27488.0
ivu59.mps, Gurobi-heur, 10, 27488.0
ivu59.mps, ParaILP, 10, N/A
lectsched-1-obj.mps, HiGHS, 10, N/A
lectsched-1-obj.mps, FiberSCIP, 10, N/A
lectsched-1-obj.mps, Gurobi-comp, 10, N/A
lectsched-1-obj.mps, Gurobi-heur, 10, N/A
lectsched-1-obj.mps, ParaILP, 10, 95.0
methanosarcina.mps, HiGHS, 10, 3609.0
methanosarcina.mps, FiberSCIP, 10, 2998.0
methanosarcina.mps, Gurobi-comp, 10, 2916.0
methanosarcina.mps, Gurobi-heur, 10, 2916.0
methanosarcina.mps, ParaILP, 10, 2836.0
neos-2974461-ibar.mps, HiGHS, 10, N/A
neos-2974461-ibar.mps, FiberSCIP, 10, N/A
neos-2974461-ibar.mps, Gurobi-comp, 10, 637328000.0
neos-2974461-ibar.mps, Gurobi-heur, 10, 637328000.0
neos-2974461-ibar.mps, ParaILP, 10, 637327600.0
neos-3068746-nene.mps, HiGHS, 10, N/A
neos-3068746-nene.mps, FiberSCIP, 10, 62969242.25635
neos-3068746-nene.mps, Gurobi-comp, 10, 61912000.0
neos-3068746-nene.mps, Gurobi-heur, 10, 61914500.0
neos-3068746-nene.mps, ParaILP, 10, 67408005.352335
neos-3322547-alsek.mps, HiGHS, 10, N/A
neos-3322547-alsek.mps, FiberSCIP, 10, N/A
neos-3322547-alsek.mps, Gurobi-comp, 10, 692.0
neos-3322547-alsek.mps, Gurobi-heur, 10, 692.0
neos-3322547-alsek.mps, ParaILP, 10, 419.0
neos-3426085-ticino.mps, HiGHS, 10, 235.0
neos-3426085-ticino.mps, FiberSCIP, 10, 230.0
neos-3426085-ticino.mps, Gurobi-comp, 10, 226.0
neos-3426085-ticino.mps, Gurobi-heur, 10, 227.0
neos-3426085-ticino.mps, ParaILP, 10, 231.0
neos-3426132-dieze.mps, HiGHS, 10, 420.0
neos-3426132-dieze.mps, FiberSCIP, 10, 470.0
neos-3426132-dieze.mps, Gurobi-comp, 10, 413.0
neos-3426132-dieze.mps, Gurobi-heur, 10, 415.0
neos-3426132-dieze.mps, ParaILP, 10, 422.0
neos-3530905-gaula.mps, HiGHS, 10, 161.0
neos-3530905-gaula.mps, FiberSCIP, 10, 167.0
neos-3530905-gaula.mps, Gurobi-comp, 10, 159.0
neos-3530905-gaula.mps, Gurobi-heur, 10, 159.0
neos-3530905-gaula.mps, ParaILP, 10, 162.0
neos-3594536-henty.mps, HiGHS, 10, N/A
neos-3594536-henty.mps, FiberSCIP, 10, 415300.000000001
neos-3594536-henty.mps, Gurobi-comp, 10, 403854.0
neos-3594536-henty.mps, Gurobi-heur, 10, 404225.0
neos-3594536-henty.mps, ParaILP, 10, 658143.0
neos-3682128-sandon.mps, HiGHS, 10, 44504885.0
neos-3682128-sandon.mps, FiberSCIP, 10, 66817160.0
neos-3682128-sandon.mps, Gurobi-comp, 10, 35293800.0
neos-3682128-sandon.mps, Gurobi-heur, 10, 34780800.0
neos-3682128-sandon.mps, ParaILP, 10, 35155870.0
neos-4165869-wannon.mps, HiGHS, 10, N/A
neos-4165869-wannon.mps, FiberSCIP, 10, N/A
neos-4165869-wannon.mps, Gurobi-comp, 10, 293.0
neos-4165869-wannon.mps, Gurobi-heur, 10, 293.0
neos-4165869-wannon.mps, ParaILP, 10, 293.0
neos-4954274-beardy.mps, HiGHS, 10, N/A
neos-4954274-beardy.mps, FiberSCIP, 10, N/A
neos-4954274-beardy.mps, Gurobi-comp, 10, N/A
neos-4954274-beardy.mps, Gurobi-heur, 10, N/A
neos-4954274-beardy.mps, ParaILP, 10, 25687.3275
neos-954925.mps, HiGHS, 10, N/A
neos-954925.mps, FiberSCIP, 10, 0.0
neos-954925.mps, Gurobi-comp, 10, -237.76
neos-954925.mps, Gurobi-heur, 10, -237.76
neos-954925.mps, ParaILP, 10, -237.7533333331
ns1828997.mps, HiGHS, 10, 124.0
ns1828997.mps, FiberSCIP, 10, 131.0
ns1828997.mps, Gurobi-comp, 10, 11.0
ns1828997.mps, Gurobi-heur, 10, 14.0
ns1828997.mps, ParaILP, 10, 17.0
ns1853823.mps, HiGHS, 10, N/A
ns1853823.mps, FiberSCIP, 10, N/A
ns1853823.mps, Gurobi-comp, 10, 284000.0
ns1853823.mps, Gurobi-heur, 10, 284000.0
ns1853823.mps, ParaILP, 10, 3014000.0
ns1854840.mps, HiGHS, 10, N/A
ns1854840.mps, FiberSCIP, 10, N/A
ns1854840.mps, Gurobi-comp, 10, 3092000.0
ns1854840.mps, Gurobi-heur, 10, 3092000.0
ns1854840.mps, ParaILP, 10, 1196000.0
ns894236.mps, HiGHS, 10, N/A
ns894236.mps, FiberSCIP, 10, N/A
ns894236.mps, Gurobi-comp, 10, 18.0
ns894236.mps, Gurobi-heur, 10, N/A
ns894236.mps, ParaILP, 10, 18.0
nu120-pr3.mps, HiGHS, 10, 34120.0
nu120-pr3.mps, FiberSCIP, 10, 45695.0
nu120-pr3.mps, Gurobi-comp, 10, 30285.0
nu120-pr3.mps, Gurobi-heur, 10, 30690.0
nu120-pr3.mps, ParaILP, 10, 30645.0
nursesched-medium-hint03.mps, HiGHS, 10, N/A
nursesched-medium-hint03.mps, FiberSCIP, 10, 8062.0
nursesched-medium-hint03.mps, Gurobi-comp, 10, N/A
nursesched-medium-hint03.mps, Gurobi-heur, 10, N/A
nursesched-medium-hint03.mps, ParaILP, 10, 6087.0
opm2-z10-s4.mps, HiGHS, 10, N/A
opm2-z10-s4.mps, FiberSCIP, 10, 0.0
opm2-z10-s4.mps, Gurobi-comp, 10, -19661.0
opm2-z10-s4.mps, Gurobi-heur, 10, -19661.0
opm2-z10-s4.mps, ParaILP, 10, -29412.0
opm2-z12-s14.mps, HiGHS, 10, N/A
opm2-z12-s14.mps, FiberSCIP, 10, 0.0
opm2-z12-s14.mps, Gurobi-comp, 10, -28855.0
opm2-z12-s14.mps, Gurobi-heur, 10, -28855.0
opm2-z12-s14.mps, ParaILP, 10, -44727.0
opm2-z12-s7.mps, HiGHS, 10, N/A
opm2-z12-s7.mps, FiberSCIP, 10, 0.0
opm2-z12-s7.mps, Gurobi-comp, 10, -28549.0
opm2-z12-s7.mps, Gurobi-heur, 10, -28549.0
opm2-z12-s7.mps, ParaILP, 10, -45265.0
opm2-z12-s8.mps, HiGHS, 10, N/A
opm2-z12-s8.mps, FiberSCIP, 10, 0.0
opm2-z12-s8.mps, Gurobi-comp, 10, -28077.0
opm2-z12-s8.mps, Gurobi-heur, 10, -28077.0
opm2-z12-s8.mps, ParaILP, 10, -43029.0
p6b.mps, HiGHS, 10, -60.0
p6b.mps, FiberSCIP, 10, -61.0
p6b.mps, Gurobi-comp, 10, -62.0
p6b.mps, Gurobi-heur, 10, -62.0
p6b.mps, ParaILP, 10, -63.0
pb-grow22.mps, HiGHS, 10, N/A
pb-grow22.mps, FiberSCIP, 10, 0.0
pb-grow22.mps, Gurobi-comp, 10, 0.0
pb-grow22.mps, Gurobi-heur, 10, 0.0
pb-grow22.mps, ParaILP, 10, 0.0
pb-simp-nonunif.mps, HiGHS, 10, 153.0
pb-simp-nonunif.mps, FiberSCIP, 10, N/A
pb-simp-nonunif.mps, Gurobi-comp, 10, 75.0
pb-simp-nonunif.mps, Gurobi-heur, 10, 75.0
pb-simp-nonunif.mps, ParaILP, 10, 122.0
proteindesign121hz512p9.mps, HiGHS, 10, N/A
proteindesign121hz512p9.mps, FiberSCIP, 10, N/A
proteindesign121hz512p9.mps, Gurobi-comp, 10, 1498.0
proteindesign121hz512p9.mps, Gurobi-heur, 10, 1493.0
proteindesign121hz512p9.mps, ParaILP, 10, 1504.0
protfold.mps, HiGHS, 10, N/A
protfold.mps, FiberSCIP, 10, -19.0
protfold.mps, Gurobi-comp, 10, -28.0
protfold.mps, Gurobi-heur, 10, -27.0
protfold.mps, ParaILP, 10, -27.0
queens-30.mps, HiGHS, 10, -2.0
queens-30.mps, FiberSCIP, 10, -33.0
queens-30.mps, Gurobi-comp, 10, -36.0
queens-30.mps, Gurobi-heur, 10, -36.0
queens-30.mps, ParaILP, 10, -39.0
ramos3.mps, HiGHS, 10, 718.0
ramos3.mps, FiberSCIP, 10, 242.0
ramos3.mps, Gurobi-comp, 10, 542.0
ramos3.mps, Gurobi-heur, 10, 542.0
ramos3.mps, ParaILP, 10, 213.0
reblock354.mps, HiGHS, 10, N/A
reblock354.mps, FiberSCIP, 10, -34304328.418016
reblock354.mps, Gurobi-comp, 10, -39222100.0
reblock354.mps, Gurobi-heur, 10, -39204100.0
reblock354.mps, ParaILP, 10, -39141970.44437631
rmine10.mps, HiGHS, 10, N/A
rmine10.mps, FiberSCIP, 10, -420.880616
rmine10.mps, Gurobi-comp, 10, -289.29
rmine10.mps, Gurobi-heur, 10, -289.29
rmine10.mps, ParaILP, 10, -1896.656372
rmine11.mps, HiGHS, 10, N/A
rmine11.mps, FiberSCIP, 10, 0.0
rmine11.mps, Gurobi-comp, 10, -320.631
rmine11.mps, Gurobi-heur, 10, -320.631
rmine11.mps, ParaILP, 10, -2151.8312419999997
rmine13.mps, HiGHS, 10, N/A
rmine13.mps, FiberSCIP, 10, 0.0
rmine13.mps, Gurobi-comp, 10, -335.379
rmine13.mps, Gurobi-heur, 10, -335.379
rmine13.mps, ParaILP, 10, -1239.3042349999998
rmine14.mps, HiGHS, 10, N/A
rmine14.mps, FiberSCIP, 10, 0.0
rmine14.mps, Gurobi-comp, 10, -308.697
rmine14.mps, Gurobi-heur, 10, -308.697
rmine14.mps, ParaILP, 10, -989.1707889999999
rmine15.mps, HiGHS, 10, N/A
rmine15.mps, FiberSCIP, 10, 0.0
rmine15.mps, Gurobi-comp, 10, -291.168
rmine15.mps, Gurobi-heur, 10, -291.168
rmine15.mps, ParaILP, 10, -1005.0369489999999
rmine21.mps, HiGHS, 10, N/A
rmine21.mps, FiberSCIP, 10, 0.0
rmine21.mps, Gurobi-comp, 10, -214.184
rmine21.mps, Gurobi-heur, 10, -214.184
rmine21.mps, ParaILP, 10, -1081.3161329999998
rmine25.mps, HiGHS, 10, N/A
rmine25.mps, FiberSCIP, 10, N/A
rmine25.mps, Gurobi-comp, 10, -185.328
rmine25.mps, Gurobi-heur, 10, -185.328
rmine25.mps, ParaILP, 10, 0.0
rococoC11-010100.mps, HiGHS, 10, 143170.0
rococoC11-010100.mps, FiberSCIP, 10, 23556.0
rococoC11-010100.mps, Gurobi-comp, 10, 23699.0
rococoC11-010100.mps, Gurobi-heur, 10, 25077.0
rococoC11-010100.mps, ParaILP, 10, 20889.0
rococoC12-010001.mps, HiGHS, 10, 40665.0
rococoC12-010001.mps, FiberSCIP, 10, 89103.0
rococoC12-010001.mps, Gurobi-comp, 10, 41314.0
rococoC12-010001.mps, Gurobi-heur, 10, 38831.0
rococoC12-010001.mps, ParaILP, 10, 41365.0
rococoC12-111000.mps, HiGHS, 10, 40325.0
rococoC12-111000.mps, FiberSCIP, 10, 83686.0
rococoC12-111000.mps, Gurobi-comp, 10, 36794.0
rococoC12-111000.mps, Gurobi-heur, 10, 37246.0
rococoC12-111000.mps, ParaILP, 10, 36608.0
s100.mps, HiGHS, 10, N/A
s100.mps, FiberSCIP, 10, N/A
s100.mps, Gurobi-comp, 10, -0.0394471
s100.mps, Gurobi-heur, 10, -0.0394471
s100.mps, ParaILP, 10, -0.145516191738761
s1234.mps, HiGHS, 10, N/A
s1234.mps, FiberSCIP, 10, 228.0
s1234.mps, Gurobi-comp, 10, 298.0
s1234.mps, Gurobi-heur, 10, 298.0
s1234.mps, ParaILP, 10, 214.0
scpj4scip.mps, HiGHS, 10, 361.0
scpj4scip.mps, FiberSCIP, 10, N/A
scpj4scip.mps, Gurobi-comp, 10, 142.0
scpj4scip.mps, Gurobi-heur, 10, 144.0
scpj4scip.mps, ParaILP, 10, 3845.0
scpk4.mps, HiGHS, 10, 2191.0
scpk4.mps, FiberSCIP, 10, N/A
scpk4.mps, Gurobi-comp, 10, 357.0
scpk4.mps, Gurobi-heur, 10, 363.0
scpk4.mps, ParaILP, 10, 8032.0
scpl4.mps, HiGHS, 10, N/A
scpl4.mps, FiberSCIP, 10, 10117913.0
scpl4.mps, Gurobi-comp, 10, 40800.0
scpl4.mps, Gurobi-heur, 10, 40800.0
scpl4.mps, ParaILP, 10, 8721.0
scpm1.mps, HiGHS, 10, N/A
scpm1.mps, FiberSCIP, 10, 25254186.0
scpm1.mps, Gurobi-comp, 10, 86800.0
scpm1.mps, Gurobi-heur, 10, 86800.0
scpm1.mps, ParaILP, 10, 20377.0
scpn2.mps, HiGHS, 10, N/A
scpn2.mps, FiberSCIP, 10, N/A
scpn2.mps, Gurobi-comp, 10, 84900.0
scpn2.mps, Gurobi-heur, 10, 84900.0
scpn2.mps, ParaILP, 10, 25185991.0
seymour-disj-10.mps, HiGHS, 10, 292.0
seymour-disj-10.mps, FiberSCIP, 10, 333.0
seymour-disj-10.mps, Gurobi-comp, 10, 287.0
seymour-disj-10.mps, Gurobi-heur, 10, 289.0
seymour-disj-10.mps, ParaILP, 10, 292.0
seymour.mps, HiGHS, 10, 429.0
seymour.mps, FiberSCIP, 10, 428.0
seymour.mps, Gurobi-comp, 10, 424.0
seymour.mps, Gurobi-heur, 10, 424.0
seymour.mps, ParaILP, 10, 426.0
sorrell3.mps, HiGHS, 10, -1.0
sorrell3.mps, FiberSCIP, 10, -12.0
sorrell3.mps, Gurobi-comp, 10, -14.0
sorrell3.mps, Gurobi-heur, 10, -14.0
sorrell3.mps, ParaILP, 10, -15.0
sorrell4.mps, HiGHS, 10, -1.0
sorrell4.mps, FiberSCIP, 10, 0.0
sorrell4.mps, Gurobi-comp, 10, -16.0
sorrell4.mps, Gurobi-heur, 10, -16.0
sorrell4.mps, ParaILP, 10, -19.0
sorrell7.mps, HiGHS, 10, -2.0
sorrell7.mps, FiberSCIP, 10, -158.0
sorrell7.mps, Gurobi-comp, 10, -151.0
sorrell7.mps, Gurobi-heur, 10, -151.0
sorrell7.mps, ParaILP, 10, -183.0
sp97ar.mps, HiGHS, 10, 688355421.8
sp97ar.mps, FiberSCIP, 10, 971121320.92
sp97ar.mps, Gurobi-comp, 10, 669967000.0
sp97ar.mps, Gurobi-heur, 10, 667115000.0
sp97ar.mps, ParaILP, 10, 787416368.26
splice1k1.mps, HiGHS, 10, N/A
splice1k1.mps, FiberSCIP, 10, N/A
splice1k1.mps, Gurobi-comp, 10, -121.0
splice1k1.mps, Gurobi-heur, 10, -121.0
splice1k1.mps, ParaILP, 10, -37.0
sts405.mps, HiGHS, 10, 403.0
sts405.mps, FiberSCIP, 10, 350.0
sts405.mps, Gurobi-comp, 10, 347.0
sts405.mps, Gurobi-heur, 10, 347.0
sts405.mps, ParaILP, 10, 341.0
sts729.mps, HiGHS, 10, 728.0
sts729.mps, FiberSCIP, 10, 656.0
sts729.mps, Gurobi-comp, 10, 650.0
sts729.mps, Gurobi-heur, 10, 650.0
sts729.mps, ParaILP, 10, 645.0
supportcase10.mps, HiGHS, 10, N/A
supportcase10.mps, FiberSCIP, 10, 14.0
supportcase10.mps, Gurobi-comp, 10, 15.0
supportcase10.mps, Gurobi-heur, 10, 15.0
supportcase10.mps, ParaILP, 10, N/A
supportcase2.mps, HiGHS, 10, N/A
supportcase2.mps, FiberSCIP, 10, N/A
supportcase2.mps, Gurobi-comp, 10, N/A
supportcase2.mps, Gurobi-heur, 10, N/A
supportcase2.mps, ParaILP, 10, 778.4
t1717.mps, HiGHS, 10, N/A
t1717.mps, FiberSCIP, 10, 355438.0
t1717.mps, Gurobi-comp, 10, 201342.0
t1717.mps, Gurobi-heur, 10, 201342.0
t1717.mps, ParaILP, 10, 341522.0
t1722.mps, HiGHS, 10, N/A
t1722.mps, FiberSCIP, 10, 201056.0
t1722.mps, Gurobi-comp, 10, 118898.0
t1722.mps, Gurobi-heur, 10, 118354.0
t1722.mps, ParaILP, 10, 166911.0
tokyometro.mps, HiGHS, 10, N/A
tokyometro.mps, FiberSCIP, 10, 13161.699999999
tokyometro.mps, Gurobi-comp, 10, 10564.2
tokyometro.mps, Gurobi-heur, 10, N/A
tokyometro.mps, ParaILP, 10, 11845.3
tw-myciel4.mps, HiGHS, 10, 10.0
tw-myciel4.mps, FiberSCIP, 10, 10.0
tw-myciel4.mps, Gurobi-comp, 10, 10.0
tw-myciel4.mps, Gurobi-heur, 10, 10.0
tw-myciel4.mps, ParaILP, 10, 10.0
usafa.mps, HiGHS, 10, N/A
usafa.mps, FiberSCIP, 10, N/A
usafa.mps, Gurobi-comp, 10, 28526.2
usafa.mps, Gurobi-heur, 10, 28526.2
usafa.mps, ParaILP, 10, N/A
v150d30-2hopcds.mps, HiGHS, 10, 43.0
v150d30-2hopcds.mps, FiberSCIP, 10, 44.0
v150d30-2hopcds.mps, Gurobi-comp, 10, 43.0
v150d30-2hopcds.mps, Gurobi-heur, 10, 42.0
v150d30-2hopcds.mps, ParaILP, 10, 41.0
wnq-n100-mw99-14.mps, HiGHS, 10, N/A
wnq-n100-mw99-14.mps, FiberSCIP, 10, N/A
wnq-n100-mw99-14.mps, Gurobi-comp, 10, 292.0
wnq-n100-mw99-14.mps, Gurobi-heur, 10, 317.0
wnq-n100-mw99-14.mps, ParaILP, 10, 3858.0
z26.mps, HiGHS, 10, -713.0
z26.mps, FiberSCIP, 10, 0.0
z26.mps, Gurobi-comp, 10, -1005.0
z26.mps, Gurobi-heur, 10, -1005.0
z26.mps, ParaILP, 10, -1004.0
2club200v15p5scn.mps, HiGHS, 60, N/A
2club200v15p5scn.mps, FiberSCIP, 60, -59.0
2club200v15p5scn.mps, Gurobi-comp, 60, -62.0
2club200v15p5scn.mps, Gurobi-heur, 60, -70.0
2club200v15p5scn.mps, ParaILP, 60, -70.0
a2864-99blp.mps, HiGHS, 60, -55.0
a2864-99blp.mps, FiberSCIP, 60, -17.0
a2864-99blp.mps, Gurobi-comp, 60, -72.0
a2864-99blp.mps, Gurobi-heur, 60, -72.0
a2864-99blp.mps, ParaILP, 60, -77.0
academictimetablebig.mps, HiGHS, 60, N/A
academictimetablebig.mps, FiberSCIP, 60, N/A
academictimetablebig.mps, Gurobi-comp, 60, N/A
academictimetablebig.mps, Gurobi-heur, 60, N/A
academictimetablebig.mps, ParaILP, 60, 17403.0
bab1.mps, HiGHS, 60, -217407.0405
bab1.mps, FiberSCIP, 60, -217713.028
bab1.mps, Gurobi-comp, 60, -218765.0
bab1.mps, Gurobi-heur, 60, -218765.0
bab1.mps, ParaILP, 60, -203080.1665
bab6.mps, HiGHS, 60, N/A
bab6.mps, FiberSCIP, 60, N/A
bab6.mps, Gurobi-comp, 60, -284009.0
bab6.mps, Gurobi-heur, 60, -284003.0
bab6.mps, ParaILP, 60, N/A
bley_xs1.mps, HiGHS, 60, N/A
bley_xs1.mps, FiberSCIP, 60, 6567982.67
bley_xs1.mps, Gurobi-comp, 60, 19125100.0
bley_xs1.mps, Gurobi-heur, 60, 19125100.0
bley_xs1.mps, ParaILP, 60, 4151068.780000001
bley_xs1noM.mps, HiGHS, 60, N/A
bley_xs1noM.mps, FiberSCIP, 60, 6957044.84
bley_xs1noM.mps, Gurobi-comp, 60, 4104690.0
bley_xs1noM.mps, Gurobi-heur, 60, 4189540.0
bley_xs1noM.mps, ParaILP, 60, 3981539.4100000015
cdc7-4-3-2.mps, HiGHS, 60, -159.0
cdc7-4-3-2.mps, FiberSCIP, 60, -233.0
cdc7-4-3-2.mps, Gurobi-comp, 60, -232.0
cdc7-4-3-2.mps, Gurobi-heur, 60, -232.0
cdc7-4-3-2.mps, ParaILP, 60, -279.0
circ10-3.mps, HiGHS, 60, N/A
circ10-3.mps, FiberSCIP, 60, N/A
circ10-3.mps, Gurobi-comp, 60, N/A
circ10-3.mps, Gurobi-heur, 60, N/A
circ10-3.mps, ParaILP, 60, 366.0
comp12-2idx.mps, HiGHS, 60, 2195.0
comp12-2idx.mps, FiberSCIP, 60, 1648.0
comp12-2idx.mps, Gurobi-comp, 60, 478.0
comp12-2idx.mps, Gurobi-heur, 60, 426.0
comp12-2idx.mps, ParaILP, 60, 336.0
comp21-2idx.mps, HiGHS, 60, 283.0
comp21-2idx.mps, FiberSCIP, 60, 786.0
comp21-2idx.mps, Gurobi-comp, 60, 97.0
comp21-2idx.mps, Gurobi-heur, 60, 104.0
comp21-2idx.mps, ParaILP, 60, 93.0
d10200.mps, HiGHS, 60, 12446.0
d10200.mps, FiberSCIP, 60, 12457.0
d10200.mps, Gurobi-comp, 60, 12439.0
d10200.mps, Gurobi-heur, 60, 12435.0
d10200.mps, ParaILP, 60, 12609.0
d20200.mps, HiGHS, 60, 12339.0
d20200.mps, FiberSCIP, 60, 12316.0
d20200.mps, Gurobi-comp, 60, 12246.0
d20200.mps, Gurobi-heur, 60, 12261.0
d20200.mps, ParaILP, 60, 12879.0
ds-big.mps, HiGHS, 60, 43039.6674928
ds-big.mps, FiberSCIP, 60, N/A
ds-big.mps, Gurobi-comp, 60, 1207.54
ds-big.mps, Gurobi-heur, 60, 669.484
ds-big.mps, ParaILP, 60, 3227.13516351
ds.mps, HiGHS, 60, 4118.885
ds.mps, FiberSCIP, 60, 1266.705
ds.mps, Gurobi-comp, 60, 508.082
ds.mps, Gurobi-heur, 60, 508.082
ds.mps, ParaILP, 60, 405.1625
ex1010-pi.mps, HiGHS, 60, 639.0
ex1010-pi.mps, FiberSCIP, 60, 257.0
ex1010-pi.mps, Gurobi-comp, 60, 244.0
ex1010-pi.mps, Gurobi-heur, 60, 243.0
ex1010-pi.mps, ParaILP, 60, 267.0
f2000.mps, HiGHS, 60, N/A
f2000.mps, FiberSCIP, 60, N/A
f2000.mps, Gurobi-comp, 60, N/A
f2000.mps, Gurobi-heur, 60, N/A
f2000.mps, ParaILP, 60, 1846.0
graph20-80-1rand.mps, HiGHS, 60, -1.0
graph20-80-1rand.mps, FiberSCIP, 60, -1.0
graph20-80-1rand.mps, Gurobi-comp, 60, -4.0
graph20-80-1rand.mps, Gurobi-heur, 60, -4.0
graph20-80-1rand.mps, ParaILP, 60, -6.0
graph40-20-1rand.mps, HiGHS, 60, N/A
graph40-20-1rand.mps, FiberSCIP, 60, -1.0
graph40-20-1rand.mps, Gurobi-comp, 60, -15.0
graph40-20-1rand.mps, Gurobi-heur, 60, -15.0
graph40-20-1rand.mps, ParaILP, 60, -15.0
graph40-40-1rand.mps, HiGHS, 60, N/A
graph40-40-1rand.mps, FiberSCIP, 60, N/A
graph40-40-1rand.mps, Gurobi-comp, 60, 0.0
graph40-40-1rand.mps, Gurobi-heur, 60, -7.0
graph40-40-1rand.mps, ParaILP, 60, -8.0
graph40-80-1rand.mps, HiGHS, 60, N/A
graph40-80-1rand.mps, FiberSCIP, 60, N/A
graph40-80-1rand.mps, Gurobi-comp, 60, 0.0
graph40-80-1rand.mps, Gurobi-heur, 60, 0.0
graph40-80-1rand.mps, ParaILP, 60, -3.0
highschool1-aigio.mps, HiGHS, 60, N/A
highschool1-aigio.mps, FiberSCIP, 60, N/A
highschool1-aigio.mps, Gurobi-comp, 60, N/A
highschool1-aigio.mps, Gurobi-heur, 60, N/A
highschool1-aigio.mps, ParaILP, 60, 5085.0
ivu06-big.mps, HiGHS, 60, N/A
ivu06-big.mps, FiberSCIP, 60, N/A
ivu06-big.mps, Gurobi-comp, 60, 9416.0
ivu06-big.mps, Gurobi-heur, 60, 9416.0
ivu06-big.mps, ParaILP, 60, 429.231003816
ivu06.mps, HiGHS, 60, N/A
ivu06.mps, FiberSCIP, 60, 2475.390295394
ivu06.mps, Gurobi-comp, 60, 163.983
ivu06.mps, Gurobi-heur, 60, 175.093
ivu06.mps, ParaILP, 60, 505.897670303
ivu59.mps, HiGHS, 60, N/A
ivu59.mps, FiberSCIP, 60, N/A
ivu59.mps, Gurobi-comp, 60, 27488.0
ivu59.mps, Gurobi-heur, 60, 27488.0
ivu59.mps, ParaILP, 60, N/A
lectsched-1-obj.mps, HiGHS, 60, N/A
lectsched-1-obj.mps, FiberSCIP, 60, N/A
lectsched-1-obj.mps, Gurobi-comp, 60, 76.0
lectsched-1-obj.mps, Gurobi-heur, 60, 72.0
lectsched-1-obj.mps, ParaILP, 60, 85.0
methanosarcina.mps, HiGHS, 60, 3451.0
methanosarcina.mps, FiberSCIP, 60, 2998.0
methanosarcina.mps, Gurobi-comp, 60, 2728.0
methanosarcina.mps, Gurobi-heur, 60, 2868.0
methanosarcina.mps, ParaILP, 60, 2824.0
neos-2974461-ibar.mps, HiGHS, 60, N/A
neos-2974461-ibar.mps, FiberSCIP, 60, N/A
neos-2974461-ibar.mps, Gurobi-comp, 60, 637328000.0
neos-2974461-ibar.mps, Gurobi-heur, 60, 637328000.0
neos-2974461-ibar.mps, ParaILP, 60, 637327600.0
neos-3068746-nene.mps, HiGHS, 60, 64007078.69
neos-3068746-nene.mps, FiberSCIP, 60, 62077962.6655
neos-3068746-nene.mps, Gurobi-comp, 60, 61911300.0
neos-3068746-nene.mps, Gurobi-heur, 60, 61910300.0
neos-3068746-nene.mps, ParaILP, 60, 66314784.30075
neos-3322547-alsek.mps, HiGHS, 60, N/A
neos-3322547-alsek.mps, FiberSCIP, 60, 1000.0
neos-3322547-alsek.mps, Gurobi-comp, 60, 423.0
neos-3322547-alsek.mps, Gurobi-heur, 60, 423.0
neos-3322547-alsek.mps, ParaILP, 60, 415.0
neos-3426085-ticino.mps, HiGHS, 60, 233.0
neos-3426085-ticino.mps, FiberSCIP, 60, 230.0
neos-3426085-ticino.mps, Gurobi-comp, 60, 225.0
neos-3426085-ticino.mps, Gurobi-heur, 60, 225.0
neos-3426085-ticino.mps, ParaILP, 60, 229.0
neos-3426132-dieze.mps, HiGHS, 60, 418.0
neos-3426132-dieze.mps, FiberSCIP, 60, 447.0
neos-3426132-dieze.mps, Gurobi-comp, 60, 407.0
neos-3426132-dieze.mps, Gurobi-heur, 60, 408.0
neos-3426132-dieze.mps, ParaILP, 60, 422.0
neos-3530905-gaula.mps, HiGHS, 60, 160.0
neos-3530905-gaula.mps, FiberSCIP, 60, 167.0
neos-3530905-gaula.mps, Gurobi-comp, 60, 159.0
neos-3530905-gaula.mps, Gurobi-heur, 60, 159.0
neos-3530905-gaula.mps, ParaILP, 60, 162.0
neos-3594536-henty.mps, HiGHS, 60, 415410.0
neos-3594536-henty.mps, FiberSCIP, 60, 412520.000000001
neos-3594536-henty.mps, Gurobi-comp, 60, 402845.0
neos-3594536-henty.mps, Gurobi-heur, 60, 402089.0
neos-3594536-henty.mps, ParaILP, 60, 498318.0
neos-3682128-sandon.mps, HiGHS, 60, 35943960.0
neos-3682128-sandon.mps, FiberSCIP, 60, 35451860.0
neos-3682128-sandon.mps, Gurobi-comp, 60, 34666800.0
neos-3682128-sandon.mps, Gurobi-heur, 60, 34666800.0
neos-3682128-sandon.mps, ParaILP, 60, 34879860.0
neos-4165869-wannon.mps, HiGHS, 60, N/A
neos-4165869-wannon.mps, FiberSCIP, 60, N/A
neos-4165869-wannon.mps, Gurobi-comp, 60, 293.0
neos-4165869-wannon.mps, Gurobi-heur, 60, 293.0
neos-4165869-wannon.mps, ParaILP, 60, 293.0
neos-4954274-beardy.mps, HiGHS, 60, N/A
neos-4954274-beardy.mps, FiberSCIP, 60, N/A
neos-4954274-beardy.mps, Gurobi-comp, 60, N/A
neos-4954274-beardy.mps, Gurobi-heur, 60, N/A
neos-4954274-beardy.mps, ParaILP, 60, 24721.455
neos-954925.mps, HiGHS, 60, -100.737777778
neos-954925.mps, FiberSCIP, 60, -218.695555555556
neos-954925.mps, Gurobi-comp, 60, -237.76
neos-954925.mps, Gurobi-heur, 60, -237.76
neos-954925.mps, ParaILP, 60, -237.7533333331
ns1828997.mps, HiGHS, 60, 72.0
ns1828997.mps, FiberSCIP, 60, 123.0
ns1828997.mps, Gurobi-comp, 60, 9.0
ns1828997.mps, Gurobi-heur, 60, 10.0
ns1828997.mps, ParaILP, 60, 12.0
ns1853823.mps, HiGHS, 60, N/A
ns1853823.mps, FiberSCIP, 60, 3560000.0
ns1853823.mps, Gurobi-comp, 60, 284000.0
ns1853823.mps, Gurobi-heur, 60, 284000.0
ns1853823.mps, ParaILP, 60, 212000.0
ns1854840.mps, HiGHS, 60, N/A
ns1854840.mps, FiberSCIP, 60, 4272000.0
ns1854840.mps, Gurobi-comp, 60, 3092000.0
ns1854840.mps, Gurobi-heur, 60, 3092000.0
ns1854840.mps, ParaILP, 60, 234000.0
ns894236.mps, HiGHS, 60, N/A
ns894236.mps, FiberSCIP, 60, N/A
ns894236.mps, Gurobi-comp, 60, 17.0
ns894236.mps, Gurobi-heur, 60, 17.0
ns894236.mps, ParaILP, 60, 18.0
ns894786.mps, HiGHS, 60, N/A
ns894786.mps, FiberSCIP, 60, N/A
ns894786.mps, Gurobi-comp, 60, 14.0
ns894786.mps, Gurobi-heur, 60, 14.0
ns894786.mps, ParaILP, 60, 14.0
nu120-pr3.mps, HiGHS, 60, 32205.0
nu120-pr3.mps, FiberSCIP, 60, 31260.0
nu120-pr3.mps, Gurobi-comp, 60, 29160.0
nu120-pr3.mps, Gurobi-heur, 60, 29160.0
nu120-pr3.mps, ParaILP, 60, 30125.0
nursesched-medium-hint03.mps, HiGHS, 60, N/A
nursesched-medium-hint03.mps, FiberSCIP, 60, 8062.0
nursesched-medium-hint03.mps, Gurobi-comp, 60, N/A
nursesched-medium-hint03.mps, Gurobi-heur, 60, N/A
nursesched-medium-hint03.mps, ParaILP, 60, 2577.0
opm2-z10-s4.mps, HiGHS, 60, N/A
opm2-z10-s4.mps, FiberSCIP, 60, -20344.0
opm2-z10-s4.mps, Gurobi-comp, 60, -28193.0
opm2-z10-s4.mps, Gurobi-heur, 60, -31615.0
opm2-z10-s4.mps, ParaILP, 60, -31260.0
opm2-z12-s14.mps, HiGHS, 60, N/A
opm2-z12-s14.mps, FiberSCIP, 60, -43178.0
opm2-z12-s14.mps, Gurobi-comp, 60, -47171.0
opm2-z12-s14.mps, Gurobi-heur, 60, -47171.0
opm2-z12-s14.mps, ParaILP, 60, -61140.0
opm2-z12-s7.mps, HiGHS, 60, N/A
opm2-z12-s7.mps, FiberSCIP, 60, -40017.0
opm2-z12-s7.mps, Gurobi-comp, 60, -46972.0
opm2-z12-s7.mps, Gurobi-heur, 60, -46972.0
opm2-z12-s7.mps, ParaILP, 60, -59335.0
opm2-z12-s8.mps, HiGHS, 60, N/A
opm2-z12-s8.mps, FiberSCIP, 60, -38596.0
opm2-z12-s8.mps, Gurobi-comp, 60, -48793.0
opm2-z12-s8.mps, Gurobi-heur, 60, -44075.0
opm2-z12-s8.mps, ParaILP, 60, -47458.0
p6b.mps, HiGHS, 60, -61.0
p6b.mps, FiberSCIP, 60, -62.0
p6b.mps, Gurobi-comp, 60, -62.0
p6b.mps, Gurobi-heur, 60, -63.0
p6b.mps, ParaILP, 60, -63.0
pb-grow22.mps, HiGHS, 60, N/A
pb-grow22.mps, FiberSCIP, 60, 0.0
pb-grow22.mps, Gurobi-comp, 60, 0.0
pb-grow22.mps, Gurobi-heur, 60, -32228.0
pb-grow22.mps, ParaILP, 60, 0.0
pb-simp-nonunif.mps, HiGHS, 60, 152.0
pb-simp-nonunif.mps, FiberSCIP, 60, 90.0
pb-simp-nonunif.mps, Gurobi-comp, 60, 73.0
pb-simp-nonunif.mps, Gurobi-heur, 60, 73.0
pb-simp-nonunif.mps, ParaILP, 60, 67.0
proteindesign121hz512p19.mps, HiGHS, 60, N/A
proteindesign121hz512p19.mps, FiberSCIP, 60, N/A
proteindesign121hz512p19.mps, Gurobi-comp, 60, 3412.0
proteindesign121hz512p19.mps, Gurobi-heur, 60, 3412.0
proteindesign121hz512p19.mps, ParaILP, 60, N/A
proteindesign121hz512p9.mps, HiGHS, 60, N/A
proteindesign121hz512p9.mps, FiberSCIP, 60, N/A
proteindesign121hz512p9.mps, Gurobi-comp, 60, 1484.0
proteindesign121hz512p9.mps, Gurobi-heur, 60, 1473.0
proteindesign121hz512p9.mps, ParaILP, 60, 1493.0
protfold.mps, HiGHS, 60, -20.0
protfold.mps, FiberSCIP, 60, -21.0000000000009
protfold.mps, Gurobi-comp, 60, -28.0
protfold.mps, Gurobi-heur, 60, -28.0
protfold.mps, ParaILP, 60, -28.0
queens-30.mps, HiGHS, 60, -35.0
queens-30.mps, FiberSCIP, 60, -33.0
queens-30.mps, Gurobi-comp, 60, -39.0
queens-30.mps, Gurobi-heur, 60, -38.0
queens-30.mps, ParaILP, 60, -39.0
ramos3.mps, HiGHS, 60, 1514.0
ramos3.mps, FiberSCIP, 60, 242.0
ramos3.mps, Gurobi-comp, 60, 274.0
ramos3.mps, Gurobi-heur, 60, 274.0
ramos3.mps, ParaILP, 60, 212.0
reblock354.mps, HiGHS, 60, N/A
reblock354.mps, FiberSCIP, 60, -36874504.3939512
reblock354.mps, Gurobi-comp, 60, -39259700.0
reblock354.mps, Gurobi-heur, 60, -39275100.0
reblock354.mps, ParaILP, 60, -39155005.0299404
rmine10.mps, HiGHS, 60, -1901.535746
rmine10.mps, FiberSCIP, 60, -420.880616
rmine10.mps, Gurobi-comp, 60, -1907.87
rmine10.mps, Gurobi-heur, 60, -1909.22
rmine10.mps, ParaILP, 60, -1904.232201
rmine11.mps, HiGHS, 60, N/A
rmine11.mps, FiberSCIP, 60, -511.469897
rmine11.mps, Gurobi-comp, 60, -992.489
rmine11.mps, Gurobi-heur, 60, -992.489
rmine11.mps, ParaILP, 60, -2477.891049
rmine13.mps, HiGHS, 60, N/A
rmine13.mps, FiberSCIP, 60, -611.536750000001
rmine13.mps, Gurobi-comp, 60, -335.379
rmine13.mps, Gurobi-heur, 60, -335.379
rmine13.mps, ParaILP, 60, -2797.850353
rmine14.mps, HiGHS, 60, N/A
rmine14.mps, FiberSCIP, 60, -688.864477
rmine14.mps, Gurobi-comp, 60, -1288.93
rmine14.mps, Gurobi-heur, 60, -1288.93
rmine14.mps, ParaILP, 60, -1968.2598389999998
rmine15.mps, HiGHS, 60, N/A
rmine15.mps, FiberSCIP, 60, 0.0
rmine15.mps, Gurobi-comp, 60, -4848.49
rmine15.mps, Gurobi-heur, 60, -4848.49
rmine15.mps, ParaILP, 60, -1454.6850319999999
rmine21.mps, HiGHS, 60, N/A
rmine21.mps, FiberSCIP, 60, 0.0
rmine21.mps, Gurobi-comp, 60, -331.701
rmine21.mps, Gurobi-heur, 60, -331.701
rmine21.mps, ParaILP, 60, -1548.9691939999998
rmine25.mps, HiGHS, 60, N/A
rmine25.mps, FiberSCIP, 60, 0.0
rmine25.mps, Gurobi-comp, 60, -302.245
rmine25.mps, Gurobi-heur, 60, -302.245
rmine25.mps, ParaILP, 60, -1339.9245139999996
rococoC11-010100.mps, HiGHS, 60, 42627.0
rococoC11-010100.mps, FiberSCIP, 60, 23556.0
rococoC11-010100.mps, Gurobi-comp, 60, 20889.0
rococoC11-010100.mps, Gurobi-heur, 60, 21336.0
rococoC11-010100.mps, ParaILP, 60, 20889.0
rococoC12-010001.mps, HiGHS, 60, 40665.0
rococoC12-010001.mps, FiberSCIP, 60, 81187.0
rococoC12-010001.mps, Gurobi-comp, 60, 35959.0
rococoC12-010001.mps, Gurobi-heur, 60, 36366.0
rococoC12-010001.mps, ParaILP, 60, 36783.0
rococoC12-111000.mps, HiGHS, 60, 39989.0
rococoC12-111000.mps, FiberSCIP, 60, 37778.0
rococoC12-111000.mps, Gurobi-comp, 60, 36228.0
rococoC12-111000.mps, Gurobi-heur, 60, 36233.0
rococoC12-111000.mps, ParaILP, 60, 36912.0
s100.mps, HiGHS, 60, N/A
s100.mps, FiberSCIP, 60, N/A
s100.mps, Gurobi-comp, 60, -0.0394471
s100.mps, Gurobi-heur, 60, -0.0394471
s100.mps, ParaILP, 60, -0.15068317737823
s1234.mps, HiGHS, 60, N/A
s1234.mps, FiberSCIP, 60, 170.0
s1234.mps, Gurobi-comp, 60, 283.0
s1234.mps, Gurobi-heur, 60, 283.0
s1234.mps, ParaILP, 60, 197.0
scpj4scip.mps, HiGHS, 60, 250.0
scpj4scip.mps, FiberSCIP, 60, 180.0
scpj4scip.mps, Gurobi-comp, 60, 133.0
scpj4scip.mps, Gurobi-heur, 60, 134.0
scpj4scip.mps, ParaILP, 60, 3845.0
scpk4.mps, HiGHS, 60, 945.0
scpk4.mps, FiberSCIP, 60, 382.0
scpk4.mps, Gurobi-comp, 60, 329.0
scpk4.mps, Gurobi-heur, 60, 334.0
scpk4.mps, ParaILP, 60, 8032.0
scpl4.mps, HiGHS, 60, 907.0
scpl4.mps, FiberSCIP, 60, 405.0
scpl4.mps, Gurobi-comp, 60, 302.0
scpl4.mps, Gurobi-heur, 60, 300.0
scpl4.mps, ParaILP, 60, 8721.0
scpm1.mps, HiGHS, 60, N/A
scpm1.mps, FiberSCIP, 60, 25253558.0
scpm1.mps, Gurobi-comp, 60, 850.0
scpm1.mps, Gurobi-heur, 60, 678.0
scpm1.mps, ParaILP, 60, 20377.0
scpn2.mps, HiGHS, 60, N/A
scpn2.mps, FiberSCIP, 60, 50506522.0
scpn2.mps, Gurobi-comp, 60, 843.0
scpn2.mps, Gurobi-heur, 60, 871.0
scpn2.mps, ParaILP, 60, 19532.0
seymour-disj-10.mps, HiGHS, 60, 291.0
seymour-disj-10.mps, FiberSCIP, 60, 289.0
seymour-disj-10.mps, Gurobi-comp, 60, 287.0
seymour-disj-10.mps, Gurobi-heur, 60, 287.0
seymour-disj-10.mps, ParaILP, 60, 291.0
seymour.mps, HiGHS, 60, 429.0
seymour.mps, FiberSCIP, 60, 424.0
seymour.mps, Gurobi-comp, 60, 423.0
seymour.mps, Gurobi-heur, 60, 423.0
seymour.mps, ParaILP, 60, 426.0
sorrell3.mps, HiGHS, 60, -2.0
sorrell3.mps, FiberSCIP, 60, -12.0
sorrell3.mps, Gurobi-comp, 60, -16.0
sorrell3.mps, Gurobi-heur, 60, -16.0
sorrell3.mps, ParaILP, 60, -15.0
sorrell4.mps, HiGHS, 60, -1.0
sorrell4.mps, FiberSCIP, 60, -18.0
sorrell4.mps, Gurobi-comp, 60, -16.0
sorrell4.mps, Gurobi-heur, 60, -16.0
sorrell4.mps, ParaILP, 60, -20.0
sorrell7.mps, HiGHS, 60, -127.0
sorrell7.mps, FiberSCIP, 60, -161.0
sorrell7.mps, Gurobi-comp, 60, -165.0
sorrell7.mps, Gurobi-heur, 60, -165.0
sorrell7.mps, ParaILP, 60, -186.0
sp97ar.mps, HiGHS, 60, 686343859.0
sp97ar.mps, FiberSCIP, 60, 694231619.6
sp97ar.mps, Gurobi-comp, 60, 662192000.0
sp97ar.mps, Gurobi-heur, 60, 661702000.0
sp97ar.mps, ParaILP, 60, 742454439.14
splice1k1.mps, HiGHS, 60, -121.0
splice1k1.mps, FiberSCIP, 60, N/A
splice1k1.mps, Gurobi-comp, 60, -322.0
splice1k1.mps, Gurobi-heur, 60, -322.0
splice1k1.mps, ParaILP, 60, -86.0
sts405.mps, HiGHS, 60, 403.0
sts405.mps, FiberSCIP, 60, 350.0
sts405.mps, Gurobi-comp, 60, 346.0
sts405.mps, Gurobi-heur, 60, 346.0
sts405.mps, ParaILP, 60, 341.0
sts729.mps, HiGHS, 60, 727.0
sts729.mps, FiberSCIP, 60, 656.0
sts729.mps, Gurobi-comp, 60, 650.0
sts729.mps, Gurobi-heur, 60, 650.0
sts729.mps, ParaILP, 60, 617.0
supportcase10.mps, HiGHS, 60, 21.0
supportcase10.mps, FiberSCIP, 60, 14.0
supportcase10.mps, Gurobi-comp, 60, 10.0
supportcase10.mps, Gurobi-heur, 60, 10.0
supportcase10.mps, ParaILP, 60, 14.0
supportcase2.mps, HiGHS, 60, N/A
supportcase2.mps, FiberSCIP, 60, N/A
supportcase2.mps, Gurobi-comp, 60, 712.0
supportcase2.mps, Gurobi-heur, 60, 712.0
supportcase2.mps, ParaILP, 60, 577.0
t1717.mps, HiGHS, 60, N/A
t1717.mps, FiberSCIP, 60, 250480.0
t1717.mps, Gurobi-comp, 60, 201342.0
t1717.mps, Gurobi-heur, 60, 201342.0
t1717.mps, ParaILP, 60, 283096.0
t1722.mps, HiGHS, 60, N/A
t1722.mps, FiberSCIP, 60, 154264.0
t1722.mps, Gurobi-comp, 60, 117066.0
t1722.mps, Gurobi-heur, 60, 117066.0
t1722.mps, ParaILP, 60, 154501.0
tokyometro.mps, HiGHS, 60, N/A
tokyometro.mps, FiberSCIP, 60, 11671.2
tokyometro.mps, Gurobi-comp, 60, 8952.0
tokyometro.mps, Gurobi-heur, 60, 8828.7
tokyometro.mps, ParaILP, 60, 10830.5
tw-myciel4.mps, HiGHS, 60, 10.0
tw-myciel4.mps, FiberSCIP, 60, 10.0
tw-myciel4.mps, Gurobi-comp, 60, 10.0
tw-myciel4.mps, Gurobi-heur, 60, 10.0
tw-myciel4.mps, ParaILP, 60, 10.0
usafa.mps, HiGHS, 60, 17391.4709856
usafa.mps, FiberSCIP, 60, 28526.25
usafa.mps, Gurobi-comp, 60, 17201.4
usafa.mps, Gurobi-heur, 60, 17201.4
usafa.mps, ParaILP, 60, 28096.97878319992
v150d30-2hopcds.mps, HiGHS, 60, 42.0
v150d30-2hopcds.mps, FiberSCIP, 60, 42.0
v150d30-2hopcds.mps, Gurobi-comp, 60, 41.0
v150d30-2hopcds.mps, Gurobi-heur, 60, 41.0
v150d30-2hopcds.mps, ParaILP, 60, 41.0
wnq-n100-mw99-14.mps, HiGHS, 60, N/A
wnq-n100-mw99-14.mps, FiberSCIP, 60, N/A
wnq-n100-mw99-14.mps, Gurobi-comp, 60, 266.0
wnq-n100-mw99-14.mps, Gurobi-heur, 60, 264.0
wnq-n100-mw99-14.mps, ParaILP, 60, 2135.0
z26.mps, HiGHS, 60, -665.0
z26.mps, FiberSCIP, 60, 0.0
z26.mps, Gurobi-comp, 60, -1005.0
z26.mps, Gurobi-heur, 60, -1005.0
z26.mps, ParaILP, 60, -1078.0
2club200v15p5scn.mps, HiGHS, 300, -59.0
2club200v15p5scn.mps, FiberSCIP, 300, -61.0
2club200v15p5scn.mps, Gurobi-comp, 300, -69.0
2club200v15p5scn.mps, Gurobi-heur, 300, -70.0
2club200v15p5scn.mps, ParaILP, 300, -70.0
a2864-99blp.mps, HiGHS, 300, -54.0
a2864-99blp.mps, FiberSCIP, 300, -72.0
a2864-99blp.mps, Gurobi-comp, 300, -72.0
a2864-99blp.mps, Gurobi-heur, 300, -72.0
a2864-99blp.mps, ParaILP, 300, -79.0
academictimetablebig.mps, HiGHS, 300, N/A
academictimetablebig.mps, FiberSCIP, 300, N/A
academictimetablebig.mps, Gurobi-comp, 300, N/A
academictimetablebig.mps, Gurobi-heur, 300, N/A
academictimetablebig.mps, ParaILP, 300, 11231.0
bab1.mps, HiGHS, 300, -218734.98525
bab1.mps, FiberSCIP, 300, -217596.368
bab1.mps, Gurobi-comp, 300, -218765.0
bab1.mps, Gurobi-heur, 300, -218765.0
bab1.mps, ParaILP, 300, -208851.1785
bab2.mps, HiGHS, 300, -356506.143
bab2.mps, FiberSCIP, 300, N/A
bab2.mps, Gurobi-comp, 300, -357543.0
bab2.mps, Gurobi-heur, 300, -357543.0
bab2.mps, ParaILP, 300, N/A
bab3.mps, HiGHS, 300, N/A
bab3.mps, FiberSCIP, 300, N/A
bab3.mps, Gurobi-comp, 300, -656034.0
bab3.mps, Gurobi-heur, 300, -655878.0
bab3.mps, ParaILP, 300, N/A
bab6.mps, HiGHS, 300, -283874.9337
bab6.mps, FiberSCIP, 300, N/A
bab6.mps, Gurobi-comp, 300, -284248.0
bab6.mps, Gurobi-heur, 300, -284248.0
bab6.mps, ParaILP, 300, -149674.3826
bley_xs1.mps, HiGHS, 300, N/A
bley_xs1.mps, FiberSCIP, 300, 4199828.53
bley_xs1.mps, Gurobi-comp, 300, 19125100.0
bley_xs1.mps, Gurobi-heur, 300, 19125100.0
bley_xs1.mps, ParaILP, 300, 3965833.8500000015
bley_xs1noM.mps, HiGHS, 300, N/A
bley_xs1noM.mps, FiberSCIP, 300, 4940930.58
bley_xs1noM.mps, Gurobi-comp, 300, 4062640.0
bley_xs1noM.mps, Gurobi-heur, 300, 4063250.0
bley_xs1noM.mps, ParaILP, 300, 3940337.7300000014
cdc7-4-3-2.mps, HiGHS, 300, -160.0
cdc7-4-3-2.mps, FiberSCIP, 300, -233.0
cdc7-4-3-2.mps, Gurobi-comp, 300, -258.0
cdc7-4-3-2.mps, Gurobi-heur, 300, -258.0
cdc7-4-3-2.mps, ParaILP, 300, -280.0
circ10-3.mps, HiGHS, 300, N/A
circ10-3.mps, FiberSCIP, 300, N/A
circ10-3.mps, Gurobi-comp, 300, N/A
circ10-3.mps, Gurobi-heur, 300, N/A
circ10-3.mps, ParaILP, 300, 302.0
comp12-2idx.mps, HiGHS, 300, 2195.0
comp12-2idx.mps, FiberSCIP, 300, 1466.0
comp12-2idx.mps, Gurobi-comp, 300, 403.0
comp12-2idx.mps, Gurobi-heur, 300, 344.0
comp12-2idx.mps, ParaILP, 300, 335.0
comp21-2idx.mps, HiGHS, 300, 283.0
comp21-2idx.mps, FiberSCIP, 300, 215.0
comp21-2idx.mps, Gurobi-comp, 300, 81.0
comp21-2idx.mps, Gurobi-heur, 300, 77.0
comp21-2idx.mps, ParaILP, 300, 97.0
d10200.mps, HiGHS, 300, 12438.0
d10200.mps, FiberSCIP, 300, 12457.0
d10200.mps, Gurobi-comp, 300, 12432.0
d10200.mps, Gurobi-heur, 300, 12430.0
d10200.mps, ParaILP, 300, 12564.0
d20200.mps, HiGHS, 300, 12284.0
d20200.mps, FiberSCIP, 300, 12316.0
d20200.mps, Gurobi-comp, 300, 12246.0
d20200.mps, Gurobi-heur, 300, 12246.0
d20200.mps, ParaILP, 300, 12746.0
ds-big.mps, HiGHS, 300, 23359.912195
ds-big.mps, FiberSCIP, 300, 2348.49774660999
ds-big.mps, Gurobi-comp, 300, 1198.54
ds-big.mps, Gurobi-heur, 300, 455.928
ds-big.mps, ParaILP, 300, 1365.14999941
ds.mps, HiGHS, 300, 729.25
ds.mps, FiberSCIP, 300, 748.1975
ds.mps, Gurobi-comp, 300, 294.827
ds.mps, Gurobi-heur, 300, 333.127
ds.mps, ParaILP, 300, 249.9325
ex1010-pi.mps, HiGHS, 300, 244.0
ex1010-pi.mps, FiberSCIP, 300, 256.0
ex1010-pi.mps, Gurobi-comp, 300, 239.0
ex1010-pi.mps, Gurobi-heur, 300, 238.0
ex1010-pi.mps, ParaILP, 300, 254.0
f2000.mps, HiGHS, 300, N/A
f2000.mps, FiberSCIP, 300, N/A
f2000.mps, Gurobi-comp, 300, N/A
f2000.mps, Gurobi-heur, 300, N/A
f2000.mps, ParaILP, 300, 1844.0
graph20-80-1rand.mps, HiGHS, 300, -1.0
graph20-80-1rand.mps, FiberSCIP, 300, -1.0
graph20-80-1rand.mps, Gurobi-comp, 300, -5.0
graph20-80-1rand.mps, Gurobi-heur, 300, -6.0
graph20-80-1rand.mps, ParaILP, 300, -6.0
graph40-20-1rand.mps, HiGHS, 300, -3.0
graph40-20-1rand.mps, FiberSCIP, 300, -1.0
graph40-20-1rand.mps, Gurobi-comp, 300, -15.0
graph40-20-1rand.mps, Gurobi-heur, 300, -15.0
graph40-20-1rand.mps, ParaILP, 300, -15.0
graph40-40-1rand.mps, HiGHS, 300, N/A
graph40-40-1rand.mps, FiberSCIP, 300, -1.0
graph40-40-1rand.mps, Gurobi-comp, 300, -7.0
graph40-40-1rand.mps, Gurobi-heur, 300, -7.0
graph40-40-1rand.mps, ParaILP, 300, -9.0
graph40-80-1rand.mps, HiGHS, 300, N/A
graph40-80-1rand.mps, FiberSCIP, 300, 0.0
graph40-80-1rand.mps, Gurobi-comp, 300, 0.0
graph40-80-1rand.mps, Gurobi-heur, 300, 0.0
graph40-80-1rand.mps, ParaILP, 300, -4.0
highschool1-aigio.mps, HiGHS, 300, N/A
highschool1-aigio.mps, FiberSCIP, 300, N/A
highschool1-aigio.mps, Gurobi-comp, 300, N/A
highschool1-aigio.mps, Gurobi-heur, 300, N/A
highschool1-aigio.mps, ParaILP, 300, 1863.0
ivu06-big.mps, HiGHS, 300, N/A
ivu06-big.mps, FiberSCIP, 300, 2475.390295394
ivu06-big.mps, Gurobi-comp, 300, 166.106
ivu06-big.mps, Gurobi-heur, 300, 164.924
ivu06-big.mps, ParaILP, 300, 420.106673607
ivu06.mps, HiGHS, 300, 1597.94064833
ivu06.mps, FiberSCIP, 300, 194.206668775003
ivu06.mps, Gurobi-comp, 300, 163.983
ivu06.mps, Gurobi-heur, 300, 172.671
ivu06.mps, ParaILP, 300, 447.155339276
ivu59.mps, HiGHS, 300, N/A
ivu59.mps, FiberSCIP, 300, N/A
ivu59.mps, Gurobi-comp, 300, 27488.0
ivu59.mps, Gurobi-heur, 300, 27488.0
ivu59.mps, ParaILP, 300, 7329.12612929
kosova1.mps, HiGHS, 300, N/A
kosova1.mps, FiberSCIP, 300, N/A
kosova1.mps, Gurobi-comp, 300, N/A
kosova1.mps, Gurobi-heur, 300, N/A
kosova1.mps, ParaILP, 300, 66507.0
lectsched-1-obj.mps, HiGHS, 300, N/A
lectsched-1-obj.mps, FiberSCIP, 300, N/A
lectsched-1-obj.mps, Gurobi-comp, 300, 73.0
lectsched-1-obj.mps, Gurobi-heur, 300, 70.0
lectsched-1-obj.mps, ParaILP, 300, 82.0
methanosarcina.mps, HiGHS, 300, 2881.0
methanosarcina.mps, FiberSCIP, 300, 2917.0
methanosarcina.mps, Gurobi-comp, 300, 2723.0
methanosarcina.mps, Gurobi-heur, 300, 2728.0
methanosarcina.mps, ParaILP, 300, 2819.0
neos-2974461-ibar.mps, HiGHS, 300, N/A
neos-2974461-ibar.mps, FiberSCIP, 300, 469002448.293
neos-2974461-ibar.mps, Gurobi-comp, 300, 468924000.0
neos-2974461-ibar.mps, Gurobi-heur, 300, 468924000.0
neos-2974461-ibar.mps, ParaILP, 300, 637327600.0
neos-3068746-nene.mps, HiGHS, 300, 63452661.1015
neos-3068746-nene.mps, FiberSCIP, 300, 62691455.1032
neos-3068746-nene.mps, Gurobi-comp, 300, 61911300.0
neos-3068746-nene.mps, Gurobi-heur, 300, 61910300.0
neos-3068746-nene.mps, ParaILP, 300, 66299109.2955
neos-3322547-alsek.mps, HiGHS, 300, N/A
neos-3322547-alsek.mps, FiberSCIP, 300, 422.0
neos-3322547-alsek.mps, Gurobi-comp, 300, 408.0
neos-3322547-alsek.mps, Gurobi-heur, 300, 405.0
neos-3322547-alsek.mps, ParaILP, 300, 415.0
neos-3426085-ticino.mps, HiGHS, 300, 230.0
neos-3426085-ticino.mps, FiberSCIP, 300, 230.0
neos-3426085-ticino.mps, Gurobi-comp, 300, 225.0
neos-3426085-ticino.mps, Gurobi-heur, 300, 225.0
neos-3426085-ticino.mps, ParaILP, 300, 230.0
neos-3426132-dieze.mps, HiGHS, 300, 416.0
neos-3426132-dieze.mps, FiberSCIP, 300, 448.0
neos-3426132-dieze.mps, Gurobi-comp, 300, 407.0
neos-3426132-dieze.mps, Gurobi-heur, 300, 407.0
neos-3426132-dieze.mps, ParaILP, 300, 421.0
neos-3530905-gaula.mps, HiGHS, 300, 159.0
neos-3530905-gaula.mps, FiberSCIP, 300, 167.0
neos-3530905-gaula.mps, Gurobi-comp, 300, 159.0
neos-3530905-gaula.mps, Gurobi-heur, 300, 159.0
neos-3530905-gaula.mps, ParaILP, 300, 162.0
neos-3594536-henty.mps, HiGHS, 300, 415410.0
neos-3594536-henty.mps, FiberSCIP, 300, 408182.000000001
neos-3594536-henty.mps, Gurobi-comp, 300, 401821.0
neos-3594536-henty.mps, Gurobi-heur, 300, 401474.0
neos-3594536-henty.mps, ParaILP, 300, 485467.0
neos-3682128-sandon.mps, HiGHS, 300, 35522970.0
neos-3682128-sandon.mps, FiberSCIP, 300, 35298895.0
neos-3682128-sandon.mps, Gurobi-comp, 300, 34666800.0
neos-3682128-sandon.mps, Gurobi-heur, 300, 34666800.0
neos-3682128-sandon.mps, ParaILP, 300, 34816770.0
neos-4165869-wannon.mps, HiGHS, 300, 293.0
neos-4165869-wannon.mps, FiberSCIP, 300, 293.0
neos-4165869-wannon.mps, Gurobi-comp, 300, 293.0
neos-4165869-wannon.mps, Gurobi-heur, 300, 293.0
neos-4165869-wannon.mps, ParaILP, 300, 293.0
neos-4954274-beardy.mps, HiGHS, 300, N/A
neos-4954274-beardy.mps, FiberSCIP, 300, N/A
neos-4954274-beardy.mps, Gurobi-comp, 300, 22692.7
neos-4954274-beardy.mps, Gurobi-heur, 300, 21169.5
neos-4954274-beardy.mps, ParaILP, 300, 22709.3125
neos-954925.mps, HiGHS, 300, -237.766666666
neos-954925.mps, FiberSCIP, 300, -218.695555555556
neos-954925.mps, Gurobi-comp, 300, -237.76
neos-954925.mps, Gurobi-heur, 300, -237.76
neos-954925.mps, ParaILP, 300, -237.7533333331
ns1828997.mps, HiGHS, 300, 36.0
ns1828997.mps, FiberSCIP, 300, 31.0
ns1828997.mps, Gurobi-comp, 300, 9.0
ns1828997.mps, Gurobi-heur, 300, 9.0
ns1828997.mps, ParaILP, 300, 11.0
ns1853823.mps, HiGHS, 300, N/A
ns1853823.mps, FiberSCIP, 300, 3560000.0
ns1853823.mps, Gurobi-comp, 300, 194000.0
ns1853823.mps, Gurobi-heur, 300, 192000.0
ns1853823.mps, ParaILP, 300, 98000.0
ns1854840.mps, HiGHS, 300, N/A
ns1854840.mps, FiberSCIP, 300, 4272000.0
ns1854840.mps, Gurobi-comp, 300, 326000.0
ns1854840.mps, Gurobi-heur, 300, 326000.0
ns1854840.mps, ParaILP, 300, 192000.0
ns894236.mps, HiGHS, 300, N/A
ns894236.mps, FiberSCIP, 300, N/A
ns894236.mps, Gurobi-comp, 300, 16.0
ns894236.mps, Gurobi-heur, 300, 16.0
ns894236.mps, ParaILP, 300, 18.0
ns894786.mps, HiGHS, 300, 14.0
ns894786.mps, FiberSCIP, 300, N/A
ns894786.mps, Gurobi-comp, 300, 13.0
ns894786.mps, Gurobi-heur, 300, 13.0
ns894786.mps, ParaILP, 300, 14.0
nu120-pr3.mps, HiGHS, 300, 30635.0
nu120-pr3.mps, FiberSCIP, 300, 29485.0
nu120-pr3.mps, Gurobi-comp, 300, 28590.0
nu120-pr3.mps, Gurobi-heur, 300, 28520.0
nu120-pr3.mps, ParaILP, 300, 29920.0
nursesched-medium-hint03.mps, HiGHS, 300, 137.0
nursesched-medium-hint03.mps, FiberSCIP, 300, 8062.0
nursesched-medium-hint03.mps, Gurobi-comp, 300, 118.0
nursesched-medium-hint03.mps, Gurobi-heur, 300, 120.0
nursesched-medium-hint03.mps, ParaILP, 300, 910.0
opm2-z10-s4.mps, HiGHS, 300, -31068.0
opm2-z10-s4.mps, FiberSCIP, 300, -20344.0
opm2-z10-s4.mps, Gurobi-comp, 300, -33269.0
opm2-z10-s4.mps, Gurobi-heur, 300, -33162.0
opm2-z10-s4.mps, ParaILP, 300, -31698.0
opm2-z12-s14.mps, HiGHS, 300, N/A
opm2-z12-s14.mps, FiberSCIP, 300, -43178.0
opm2-z12-s14.mps, Gurobi-comp, 300, -54655.0
opm2-z12-s14.mps, Gurobi-heur, 300, -53797.0
opm2-z12-s14.mps, ParaILP, 300, -62222.0
opm2-z12-s7.mps, HiGHS, 300, N/A
opm2-z12-s7.mps, FiberSCIP, 300, -40017.0
opm2-z12-s7.mps, Gurobi-comp, 300, -51659.0
opm2-z12-s7.mps, Gurobi-heur, 300, -50638.0
opm2-z12-s7.mps, ParaILP, 300, -62165.0
opm2-z12-s8.mps, HiGHS, 300, N/A
opm2-z12-s8.mps, FiberSCIP, 300, -38596.0
opm2-z12-s8.mps, Gurobi-comp, 300, -49325.0
opm2-z12-s8.mps, Gurobi-heur, 300, -49158.0
opm2-z12-s8.mps, ParaILP, 300, -56821.0
p6b.mps, HiGHS, 300, -63.0
p6b.mps, FiberSCIP, 300, -63.0
p6b.mps, Gurobi-comp, 300, -63.0
p6b.mps, Gurobi-heur, 300, -63.0
p6b.mps, ParaILP, 300, -63.0
pb-gfrd-pnc.mps, HiGHS, 300, N/A
pb-gfrd-pnc.mps, FiberSCIP, 300, N/A
pb-gfrd-pnc.mps, Gurobi-comp, 300, 9574.0
pb-gfrd-pnc.mps, Gurobi-heur, 300, N/A
pb-gfrd-pnc.mps, ParaILP, 300, N/A
pb-grow22.mps, HiGHS, 300, N/A
pb-grow22.mps, FiberSCIP, 300, 0.0
pb-grow22.mps, Gurobi-comp, 300, -46899.0
pb-grow22.mps, Gurobi-heur, 300, -46899.0
pb-grow22.mps, ParaILP, 300, 0.0
pb-simp-nonunif.mps, HiGHS, 300, 152.0
pb-simp-nonunif.mps, FiberSCIP, 300, 90.0
pb-simp-nonunif.mps, Gurobi-comp, 300, 42.0
pb-simp-nonunif.mps, Gurobi-heur, 300, 42.0
pb-simp-nonunif.mps, ParaILP, 300, 52.0
proteindesign121hz512p19.mps, HiGHS, 300, N/A
proteindesign121hz512p19.mps, FiberSCIP, 300, N/A
proteindesign121hz512p19.mps, Gurobi-comp, 300, 3412.0
proteindesign121hz512p19.mps, Gurobi-heur, 300, 3412.0
proteindesign121hz512p19.mps, ParaILP, 300, N/A
proteindesign121hz512p9.mps, HiGHS, 300, 1523.0
proteindesign121hz512p9.mps, FiberSCIP, 300, 1506.0
proteindesign121hz512p9.mps, Gurobi-comp, 300, 1476.0
proteindesign121hz512p9.mps, Gurobi-heur, 300, 1473.0
proteindesign121hz512p9.mps, ParaILP, 300, 1485.0
protfold.mps, HiGHS, 300, -25.0
protfold.mps, FiberSCIP, 300, -24.0
protfold.mps, Gurobi-comp, 300, -28.0
protfold.mps, Gurobi-heur, 300, -28.0
protfold.mps, ParaILP, 300, -29.0
queens-30.mps, HiGHS, 300, -35.0
queens-30.mps, FiberSCIP, 300, -38.0
queens-30.mps, Gurobi-comp, 300, -39.0
queens-30.mps, Gurobi-heur, 300, -39.0
queens-30.mps, ParaILP, 300, -39.0
ramos3.mps, HiGHS, 300, 438.0
ramos3.mps, FiberSCIP, 300, 242.0
ramos3.mps, Gurobi-comp, 300, 258.0
ramos3.mps, Gurobi-heur, 300, 255.0
ramos3.mps, ParaILP, 300, 211.0
reblock354.mps, HiGHS, 300, N/A
reblock354.mps, FiberSCIP, 300, -39037218.6812823
reblock354.mps, Gurobi-comp, 300, -39267600.0
reblock354.mps, Gurobi-heur, 300, -39280500.0
reblock354.mps, ParaILP, 300, -39185145.513755836
rmine10.mps, HiGHS, 300, -1901.535746
rmine10.mps, FiberSCIP, 300, -1903.583786
rmine10.mps, Gurobi-comp, 300, -1913.65
rmine10.mps, Gurobi-heur, 300, -1913.4
rmine10.mps, ParaILP, 300, -1902.8406069999999
rmine11.mps, HiGHS, 300, N/A
rmine11.mps, FiberSCIP, 300, -511.469897
rmine11.mps, Gurobi-comp, 300, -2507.65
rmine11.mps, Gurobi-heur, 300, -2508.4
rmine11.mps, ParaILP, 300, -2496.8272239999997
rmine13.mps, HiGHS, 300, N/A
rmine13.mps, FiberSCIP, 300, -611.536750000001
rmine13.mps, Gurobi-comp, 300, -3489.92
rmine13.mps, Gurobi-heur, 300, -3491.77
rmine13.mps, ParaILP, 300, -3417.8547499999995
rmine14.mps, HiGHS, 300, N/A
rmine14.mps, FiberSCIP, 300, -688.864477
rmine14.mps, Gurobi-comp, 300, -4281.06
rmine14.mps, Gurobi-heur, 300, -4279.23
rmine14.mps, ParaILP, 300, -4162.905989
rmine15.mps, HiGHS, 300, N/A
rmine15.mps, FiberSCIP, 300, -759.289522
rmine15.mps, Gurobi-comp, 300, -4963.18
rmine15.mps, Gurobi-heur, 300, -4970.07
rmine15.mps, ParaILP, 300, -4360.280129
rmine21.mps, HiGHS, 300, N/A
rmine21.mps, FiberSCIP, 300, 0.0
rmine21.mps, Gurobi-comp, 300, -2217.94
rmine21.mps, Gurobi-heur, 300, -2217.94
rmine21.mps, ParaILP, 300, -2139.3143659999996
rmine25.mps, HiGHS, 300, N/A
rmine25.mps, FiberSCIP, 300, 0.0
rmine25.mps, Gurobi-comp, 300, -302.245
rmine25.mps, Gurobi-heur, 300, -302.245
rmine25.mps, ParaILP, 300, -2035.3107229999996
rococoC11-010100.mps, HiGHS, 300, 33450.0
rococoC11-010100.mps, FiberSCIP, 300, 21648.0
rococoC11-010100.mps, Gurobi-comp, 300, 20889.0
rococoC11-010100.mps, Gurobi-heur, 300, 21336.0
rococoC11-010100.mps, ParaILP, 300, 20957.0
rococoC12-010001.mps, HiGHS, 300, 36310.0
rococoC12-010001.mps, FiberSCIP, 300, 35988.0
rococoC12-010001.mps, Gurobi-comp, 300, 35612.0
rococoC12-010001.mps, Gurobi-heur, 300, 34897.0
rococoC12-010001.mps, ParaILP, 300, 39811.0
rococoC12-111000.mps, HiGHS, 300, 38419.0
rococoC12-111000.mps, FiberSCIP, 300, 37763.0
rococoC12-111000.mps, Gurobi-comp, 300, 35803.0
rococoC12-111000.mps, Gurobi-heur, 300, 35576.0
rococoC12-111000.mps, ParaILP, 300, 36587.0
s100.mps, HiGHS, 300, N/A
s100.mps, FiberSCIP, 300, -0.028632130229718
s100.mps, Gurobi-comp, 300, -0.160124
s100.mps, Gurobi-heur, 300, -0.163396
s100.mps, ParaILP, 300, -0.154132591868441
s1234.mps, HiGHS, 300, N/A
s1234.mps, FiberSCIP, 300, 169.0
s1234.mps, Gurobi-comp, 300, 226.0
s1234.mps, Gurobi-heur, 300, 216.0
s1234.mps, ParaILP, 300, 201.0
scpj4scip.mps, HiGHS, 300, 250.0
scpj4scip.mps, FiberSCIP, 300, 142.0
scpj4scip.mps, Gurobi-comp, 300, 133.0
scpj4scip.mps, Gurobi-heur, 300, 134.0
scpj4scip.mps, ParaILP, 300, 3845.0
scpk4.mps, HiGHS, 300, 945.0
scpk4.mps, FiberSCIP, 300, 342.0
scpk4.mps, Gurobi-comp, 300, 326.0
scpk4.mps, Gurobi-heur, 300, 325.0
scpk4.mps, ParaILP, 300, 8032.0
scpl4.mps, HiGHS, 300, 916.0
scpl4.mps, FiberSCIP, 300, 352.0
scpl4.mps, Gurobi-comp, 300, 280.0
scpl4.mps, Gurobi-heur, 300, 279.0
scpl4.mps, ParaILP, 300, 8721.0
scpm1.mps, HiGHS, 300, 3550.0
scpm1.mps, FiberSCIP, 300, 874.0
scpm1.mps, Gurobi-comp, 300, 850.0
scpm1.mps, Gurobi-heur, 300, 678.0
scpm1.mps, ParaILP, 300, 20377.0
scpn2.mps, HiGHS, 300, N/A
scpn2.mps, FiberSCIP, 300, N/A
scpn2.mps, Gurobi-comp, 300, 807.0
scpn2.mps, Gurobi-heur, 300, 626.0
scpn2.mps, ParaILP, 300, 14415.0
seymour-disj-10.mps, HiGHS, 300, 289.0
seymour-disj-10.mps, FiberSCIP, 300, 288.0
seymour-disj-10.mps, Gurobi-comp, 300, 287.0
seymour-disj-10.mps, Gurobi-heur, 300, 287.0
seymour-disj-10.mps, ParaILP, 300, 290.0
seymour.mps, HiGHS, 300, 426.0
seymour.mps, FiberSCIP, 300, 423.0
seymour.mps, Gurobi-comp, 300, 423.0
seymour.mps, Gurobi-heur, 300, 423.0
seymour.mps, ParaILP, 300, 425.0
sorrell3.mps, HiGHS, 300, -14.0
sorrell3.mps, FiberSCIP, 300, -12.0
sorrell3.mps, Gurobi-comp, 300, -16.0
sorrell3.mps, Gurobi-heur, 300, -16.0
sorrell3.mps, ParaILP, 300, -15.0
sorrell4.mps, HiGHS, 300, -1.0
sorrell4.mps, FiberSCIP, 300, -18.0
sorrell4.mps, Gurobi-comp, 300, -23.0
sorrell4.mps, Gurobi-heur, 300, -22.0
sorrell4.mps, ParaILP, 300, -22.0
sorrell7.mps, HiGHS, 300, -159.0
sorrell7.mps, FiberSCIP, 300, -161.0
sorrell7.mps, Gurobi-comp, 300, -181.0
sorrell7.mps, Gurobi-heur, 300, -183.0
sorrell7.mps, ParaILP, 300, -188.0
sp97ar.mps, HiGHS, 300, 686343859.0
sp97ar.mps, FiberSCIP, 300, 677294765.36
sp97ar.mps, Gurobi-comp, 300, 660706000.0
sp97ar.mps, Gurobi-heur, 300, 660706000.0
sp97ar.mps, ParaILP, 300, 717483596.66
splice1k1.mps, HiGHS, 300, -337.0
splice1k1.mps, FiberSCIP, 300, N/A
splice1k1.mps, Gurobi-comp, 300, -338.0
splice1k1.mps, Gurobi-heur, 300, -338.0
splice1k1.mps, ParaILP, 300, -394.0
sts405.mps, HiGHS, 300, 351.0
sts405.mps, FiberSCIP, 300, 348.0
sts405.mps, Gurobi-comp, 300, 342.0
sts405.mps, Gurobi-heur, 300, 341.0
sts405.mps, ParaILP, 300, 340.0
sts729.mps, HiGHS, 300, 672.0
sts729.mps, FiberSCIP, 300, 653.0
sts729.mps, Gurobi-comp, 300, 649.0
sts729.mps, Gurobi-heur, 300, 647.0
sts729.mps, ParaILP, 300, 641.0
supportcase10.mps, HiGHS, 300, 21.0
supportcase10.mps, FiberSCIP, 300, 14.0
supportcase10.mps, Gurobi-comp, 300, 8.0
supportcase10.mps, Gurobi-heur, 300, 7.0
supportcase10.mps, ParaILP, 300, 8.0
supportcase22.mps, HiGHS, 300, N/A
supportcase22.mps, FiberSCIP, 300, N/A
supportcase22.mps, Gurobi-comp, 300, N/A
supportcase22.mps, Gurobi-heur, 300, N/A
supportcase22.mps, ParaILP, 300, 121.0
supportcase2.mps, HiGHS, 300, N/A
supportcase2.mps, FiberSCIP, 300, N/A
supportcase2.mps, Gurobi-comp, 300, 665.0
supportcase2.mps, Gurobi-heur, 300, 665.0
supportcase2.mps, ParaILP, 300, 525.4
t1717.mps, HiGHS, 300, N/A
t1717.mps, FiberSCIP, 300, 250480.0
t1717.mps, Gurobi-comp, 300, 201342.0
t1717.mps, Gurobi-heur, 300, 201342.0
t1717.mps, ParaILP, 300, 252597.0
t1722.mps, HiGHS, 300, 130442.0
t1722.mps, FiberSCIP, 300, 128032.0
t1722.mps, Gurobi-comp, 300, 117066.0
t1722.mps, Gurobi-heur, 300, 117066.0
t1722.mps, ParaILP, 300, 154347.0
tokyometro.mps, HiGHS, 300, N/A
tokyometro.mps, FiberSCIP, 300, 11954.8
tokyometro.mps, Gurobi-comp, 300, 8546.6
tokyometro.mps, Gurobi-heur, 300, 8808.3
tokyometro.mps, ParaILP, 300, 10908.5
tw-myciel4.mps, HiGHS, 300, 10.0
tw-myciel4.mps, FiberSCIP, 300, 10.0
tw-myciel4.mps, Gurobi-comp, 300, 10.0
tw-myciel4.mps, Gurobi-heur, 300, 10.0
tw-myciel4.mps, ParaILP, 300, 10.0
usafa.mps, HiGHS, 300, 13883.6783758
usafa.mps, FiberSCIP, 300, 6422.60905943084
usafa.mps, Gurobi-comp, 300, 186.978
usafa.mps, Gurobi-heur, 300, 177.942
usafa.mps, ParaILP, 300, 25438.667373216216
v150d30-2hopcds.mps, HiGHS, 300, 42.0
v150d30-2hopcds.mps, FiberSCIP, 300, 41.0
v150d30-2hopcds.mps, Gurobi-comp, 300, 41.0
v150d30-2hopcds.mps, Gurobi-heur, 300, 41.0
v150d30-2hopcds.mps, ParaILP, 300, 41.0
wnq-n100-mw99-14.mps, HiGHS, 300, 322.0
wnq-n100-mw99-14.mps, FiberSCIP, 300, N/A
wnq-n100-mw99-14.mps, Gurobi-comp, 300, 260.0
wnq-n100-mw99-14.mps, Gurobi-heur, 300, 264.0
wnq-n100-mw99-14.mps, ParaILP, 300, 478.0
z26.mps, HiGHS, 300, -673.0
z26.mps, FiberSCIP, 300, -1014.0
z26.mps, Gurobi-comp, 300, -1005.0
z26.mps, Gurobi-heur, 300, -1005.0
z26.mps, ParaILP, 300, -1115.0
